#1680 379,11-Mar-24,Thursday,15,Visa,Tap,£5.17,POS,Entertainment,Hungary,Syrian Arab Republic,Tajikistan,M,35.7,Lloyds,0
#1120 916,13-Sep-24,Friday,18,MasterCard,Tap,£255.43,ATM,Gaming,Brunei Darussalam,Palau,Ethiopia,M,72.3,Halifax,0
#4235 192,10-Sep-24,Sunday,16,Visa,Tap,£90.79,POS,Restaurant,Palau,Russian Federation,Botswana,F,72.9,Barclays,1
#8599 654,06-Oct-24,Monday,15,MasterCard,CVC,£51.21,Online,Entertainment,Cuba,Mozambique,Indonesia,M,76.0,HSBC,1
#9635 645,19-Mar-24,Sunday,19,Visa,CVC,£222.48,Online,Children,Cuba,Lebanon,Equatorial Guinea,F,78.1,HSBC,1
#6852 174,03-Nov-24,Tuesday,2,MasterCard,PIN,£288.46,ATM,Electronics,Luxembourg,Czech Republic,Sao Tome and Principe,F,45.4,Lloyds,0
#9754 787,02-Aug-24,Wednesday,1,Visa,CVC,£34.39,POS,Children,Georgia,Tunisia,Korea,M,78.5,HSBC,0
#7444 523,23-Jun-24,Thursday,19,Visa,PIN,£185.21,POS,Entertainment,Venezuela,Turks and Caicos Islands,Cuba,M,18.5,Monzo,0
#2389 377,08-Apr-24,Thursday,21,MasterCard,CVC,£144.24,ATM,Subscription,Iran,Korea,Belize,F,34.0,Monzo,1
#6116 336,10-Jul-24,Saturday,11,MasterCard,PIN,£223.17,POS,Fashion,Togo,Kyrgyz Republic,Sweden,M,60.7,Barclays,1
#5137 646,29-May-24,Sunday,14,Visa,PIN,£117.5,ATM,Restaurant,Egypt,Cook Islands,Uruguay,F,25.3,HSBC,0
#5889 636,09-Apr-24,Wednesday,15,MasterCard,Tap,£365.8,Online,Restaurant,Reunion,Comoros,British Virgin Islands,M,82.7,Metro,0
#4494 434,17-Oct-24,Saturday,21,MasterCard,Tap,£226.67,ATM,Restaurant,Tuvalu,Norway,Bouvet Island (Bouvetoya),M,25.9,Barclays,0
#5492 124,25-May-24,Monday,17,Visa,Tap,£258.84,Online,Services,Korea,Yemen,Germany,F,69.1,Halifax,0
#8377 699,17-Sep-24,Monday,17,Visa,Tap,£259.63,POS,Electronics,Marshall Islands,Albania,Spain,F,76.8,Halifax,0
#8448 204,05-Nov-24,Tuesday,12,Visa,PIN,£13.41,POS,Gaming,Sudan,Liberia,Timor-Leste,F,64.8,Metro,0
#8249 642,17-Jan-24,Saturday,11,MasterCard,Tap,£394.82,ATM,Restaurant,Paraguay,Serbia,Slovenia,M,47.5,Halifax,0
#8035 646,11-Jun-24,Friday,0,Visa,CVC,£88.64,Online,Services,South Africa,Slovenia,Slovakia (Slovak Republic),F,19.6,Halifax,1
#8766 275,08-Mar-24,Tuesday,10,MasterCard,Tap,£248.83,Online,Entertainment,Heard Island and McDonald Islands,Saudi Arabia,Luxembourg,M,45.5,HSBC,0
#1860 591,04-Mar-24,Thursday,2,MasterCard,CVC,£256.39,ATM,Gaming,Guadeloupe,Jersey,Comoros,M,30.0,Barclays,0
#2944 725,26-Jul-24,Tuesday,21,Visa,PIN,£359.39,POS,Restaurant,Cameroon,Pakistan,Morocco,M,29.3,RBS,0
#6076 747,05-Jul-24,Sunday,11,Visa,Tap,£196.05,Online,Subscription,Saint Helena,French Polynesia,Saint Vincent and the Grenadines,M,67.9,HSBC,0
#1869 129,19-Feb-24,Monday,16,Visa,PIN,£31.31,POS,Gaming,Sweden,Russian Federation,Bahamas,M,35.9,Lloyds,0
#9018 673,19-Sep-24,Sunday,17,Visa,PIN,£265.62,POS,Subscription,China,Guyana,Argentina,F,19.4,Halifax,0
#2828 781,03-Mar-24,Tuesday,8,MasterCard,PIN,£399.5,POS,Children,Fiji,British Virgin Islands,Kuwait,M,54.3,Monzo,1
#6688 337,24-May-24,Saturday,16,MasterCard,Tap,£58.35,ATM,Products,South Africa,Samoa,Liberia,M,48.6,RBS,1
#6038 328,05-Aug-24,Friday,2,Visa,CVC,£90.04,ATM,Electronics,Cape Verde,Afghanistan,Uzbekistan,M,62.5,Metro,1
#2153 817,17-Mar-24,Saturday,0,Visa,Tap,£10.95,ATM,Entertainment,Saint Helena,Tuvalu,New Zealand,F,26.4,Barclays,0
#1656 791,27-Feb-24,Thursday,23,Visa,Tap,£347.11,ATM,Products,Pitcairn Islands,Mongolia,Netherlands,M,27.0,Halifax,1
#7927 571,22-Mar-24,Thursday,11,Visa,CVC,£69.69,Online,Food,United Kingdom,Costa Rica,Guam,F,80.1,Halifax,1
#7238 833,18-Feb-24,Saturday,21,Visa,CVC,£110.5,POS,Electronics,Cote d'Ivoire,Anguilla,United States of America,M,49.4,RBS,1
#8776 214,31-May-24,Thursday,17,Visa,PIN,£131.53,Online,Food,Liberia,Bulgaria,Palestinian Territory,M,48.8,Metro,1
#2840 763,31-Jul-24,Monday,4,Visa,Tap,£250.64,Online,Electronics,Azerbaijan,Samoa,Panama,F,50.6,Halifax,0
#2278 222,25-Aug-24,Monday,20,Visa,Tap,£53.45,Online,Gaming,Kazakhstan,Togo,United Arab Emirates,F,61.4,Lloyds,1
#5685 940,27-Mar-24,Saturday,10,Visa,PIN,£372.51,Online,Entertainment,Nepal,Lebanon,Equatorial Guinea,F,78.4,RBS,1
#4645 209,03-Sep-24,Tuesday,17,MasterCard,CVC,£75.76,ATM,Products,Moldova,Estonia,Timor-Leste,M,27.9,HSBC,1
#1051 258,03-Nov-24,Friday,5,MasterCard,PIN,£226.22,POS,Products,Yemen,Palestinian Territory,Kuwait,F,26.2,HSBC,0
#9818 975,16-Apr-24,Monday,11,MasterCard,CVC,£35.18,POS,Gaming,Sao Tome and Principe,Namibia,Malta,M,67.8,Metro,0
#2763 845,01-Jan-24,Thursday,7,MasterCard,Tap,£265.54,ATM,Electronics,Benin,Ethiopia,Azerbaijan,F,57.1,RBS,1
#8491 517,14-May-24,Wednesday,8,MasterCard,PIN,£80.19,ATM,Fashion,Cocos (Keeling) Islands,Anguilla,Falkland Islands (Malvinas),M,52.7,Barclays,0
#9398 108,07-Aug-24,Friday,16,MasterCard,PIN,£224.37,Online,Entertainment,Korea,Palau,Lebanon,M,66.6,HSBC,1
#2369 588,23-Aug-24,Monday,17,Visa,PIN,£285.53,POS,Food,Sierra Leone,Sweden,Swaziland,F,60.3,HSBC,0
#2012 555,01-Feb-24,Sunday,13,MasterCard,Tap,£90.58,POS,Children,Hungary,New Caledonia,Chile,M,39.8,RBS,0
#8861 388,10-Jun-24,Monday,15,MasterCard,PIN,£365.38,Online,Products,Iran,Costa Rica,Benin,M,60.0,Metro,0
#8271 762,08-Nov-24,Wednesday,11,MasterCard,PIN,£296.25,Online,Restaurant,Czech Republic,Saint Lucia,Sweden,M,76.8,Monzo,0
#4831 603,03-Sep-24,Friday,0,Visa,PIN,£101.46,ATM,Electronics,Bulgaria,Togo,Russian Federation,F,69.3,Lloyds,1
#7288 970,19-Apr-24,Monday,9,MasterCard,CVC,£313.88,Online,Children,Saudi Arabia,Canada,Belarus,F,39.2,Monzo,1
#5447 557,19-Oct-24,Sunday,21,Visa,PIN,£132.29,Online,Services,Liberia,Tanzania,Tanzania,F,39.7,Metro,0
#5627 213,01-May-24,Wednesday,12,Visa,PIN,£202.51,POS,Children,Uzbekistan,Cape Verde,Cayman Islands,M,51.6,HSBC,0
#9015 955,19-Jun-24,Friday,5,Visa,CVC,£64.92,Online,Gaming,Canada,French Guiana,Mauritania,F,64.6,Halifax,0
